session_id,iam_rows,firewall_rows,hostname_overlap,timestamp_evidence,min_time_difference_seconds,within_60_minutes
SID219683,1,1,False,True,2826863.0,False
SID128598,1,1,False,True,1468800.0,False
SID788934,1,1,False,True,800750.0,False
SID874053,1,1,False,True,21317.0,False
SID468811,1,1,False,True,2122920.0,False
SID909727,1,1,False,True,632982.0,False
SID165447,1,1,False,True,1116126.0,False
SID761523,1,1,False,True,2129291.0,False
SID904099,1,1,False,False,,False
SID529840,1,1,False,True,213818.0,False
SID532153,1,1,False,True,2503700.0,False
SID529608,1,1,False,False,,False
SID317503,1,1,False,True,2402226.0,False
SID819596,1,1,False,False,,False
SID701274,1,1,False,False,,False
SID798067,1,1,False,False,,False
SID296743,1,1,False,True,283897.0,False
SID117643,1,1,False,True,2402470.0,False
SID758068,1,1,False,False,,False
SID591858,1,1,False,True,1439220.0,False
SID744824,1,1,False,False,,False
SID740285,1,1,False,True,1232039.0,False
SID774772,1,1,False,True,465128.0,False
SID651850,1,1,False,True,37766.0,False
SID259228,1,2,False,True,1191986.0,False
SID309449,1,1,False,True,142370.0,False
SID333537,1,1,False,True,1004569.0,False
SID747573,1,1,False,True,2308799.0,False
SID905239,1,1,False,True,1302923.0,False
SID625265,1,1,False,True,1842513.0,False
SID902803,1,1,False,False,,False
SID627629,1,1,False,True,1203232.0,False
SID231099,1,1,False,True,1611390.0,False
SID555328,1,1,False,True,975343.0,False
SID413380,1,1,False,True,2294985.0,False
SID137615,1,1,False,True,2256625.0,False
SID428528,1,1,False,True,1390894.0,False
SID128650,1,1,False,True,1206488.0,False
SID254452,1,1,False,True,937034.0,False
SID252605,1,1,False,True,1091808.0,False
SID287010,1,1,False,True,2764800.0,False
SID124468,1,1,False,True,1248878.0,False
SID957185,1,1,False,False,,False
SID682331,1,1,False,True,1459943.0,False
SID318634,1,1,False,True,672505.0,False
SID766146,1,1,False,True,1801217.0,False
SID863912,1,1,False,True,433475.0,False
SID592540,1,1,False,False,,False
SID797622,1,1,False,True,231540.0,False
SID451761,1,1,False,True,1136849.0,False
SID969821,1,1,False,True,2196202.0,False
SID104032,1,1,False,True,543768.0,False
SID206920,1,1,False,True,323511.0,False
SID666085,1,1,False,True,54126.0,False
SID373958,1,1,False,True,1316347.0,False
SID221892,1,1,False,False,,False
SID700327,1,1,False,True,1930583.0,False
SID386378,1,1,False,True,299609.0,False
SID310198,1,1,False,False,,False
SID159843,1,1,False,False,,False
SID984495,1,1,False,True,359793.0,False
SID353090,1,1,False,False,,False
SID186796,1,1,False,True,1372945.0,False
SID994310,1,1,False,True,1965087.0,False
SID901240,1,1,False,True,249716.0,False
SID595641,1,1,False,True,1386119.0,False
SID279888,1,1,False,True,2906866.0,False
SID937423,1,1,False,False,,False
SID813079,1,1,False,False,,False
SID153509,1,1,False,False,,False
SID395868,1,1,False,True,2013601.0,False
SID883709,1,1,False,True,723507.0,False
SID110156,1,1,False,True,259200.0,False
SID770400,1,1,False,True,271962.0,False
SID387147,1,1,False,True,228256.0,False
SID477680,1,1,False,True,2699331.0,False
SID600546,1,1,False,True,1164996.0,False
SID269868,1,1,False,False,,False
SID833803,1,1,False,True,2217223.0,False
SID923312,1,2,False,True,670061.0,False
SID951699,2,1,False,True,111886.0,False
SID191627,1,1,False,True,1234179.0,False
SID878184,1,1,False,False,,False
SID719282,1,1,False,True,1063020.0,False
SID380280,1,1,False,True,660215.0,False
SID199006,1,1,False,True,2839913.0,False
SID294997,1,1,False,True,412583.0,False
SID656415,1,1,False,True,318542.0,False
SID370994,1,1,False,False,,False
SID182240,1,1,False,True,1056519.0,False
SID954028,1,1,False,False,,False
SID433508,1,1,False,True,2248568.0,False
SID711589,1,1,False,True,3111295.0,False
SID286161,1,1,False,True,482500.0,False
SID470408,1,1,False,True,1329208.0,False
SID927228,1,1,False,True,1002199.0,False
SID278103,1,1,False,True,1841840.0,False
SID795738,1,1,False,True,363900.0,False
SID882698,1,1,False,True,1026065.0,False
SID119425,1,1,False,True,1282978.0,False
SID404873,1,1,False,True,1267089.0,False
SID322508,1,1,False,True,640514.0,False
SID114504,1,1,False,True,2567803.0,False
SID528362,1,1,False,True,405543.0,False
SID977284,1,1,False,True,62029.0,False
SID142604,1,1,False,True,1581480.0,False
SID941461,1,1,False,True,603411.0,False
SID951918,1,1,False,True,1488775.0,False
SID810476,1,1,False,False,,False
SID493474,1,1,False,True,1950312.0,False
SID366037,1,1,False,True,1460631.0,False
SID476191,1,1,False,False,,False
SID980778,1,1,False,True,1525510.0,False
SID722005,1,1,False,False,,False
SID108513,1,1,False,True,345600.0,False
SID842315,1,1,False,True,277209.0,False
SID894249,1,1,False,True,141217.0,False
SID246265,1,1,False,True,215880.0,False
SID580215,1,1,False,True,910919.0,False
SID101398,1,1,False,True,565201.0,False
SID643215,1,1,False,True,151833.0,False
SID280671,1,1,False,True,500929.0,False
SID943911,1,1,False,True,977916.0,False
SID325009,1,1,False,True,1026687.0,False
SID202870,1,1,False,True,294899.0,False
SID896638,1,1,False,True,780337.0,False
SID416169,1,1,False,True,1263952.0,False
SID942155,1,1,False,True,834420.0,False
SID801196,1,1,False,True,1546612.0,False
SID337294,1,1,False,True,798827.0,False
SID800251,1,1,False,False,,False
SID533496,1,1,False,True,600088.0,False
SID712995,1,1,False,True,1681828.0,False
SID388932,1,2,False,True,198871.0,False
SID717451,1,1,False,True,2059124.0,False
SID289924,1,1,False,True,2571480.0,False
SID249196,1,1,False,True,2225432.0,False
SID969788,1,1,False,True,1345562.0,False
SID304621,1,1,False,True,2925726.0,False
SID667335,1,1,False,True,2246400.0,False
SID518097,1,1,False,True,2175683.0,False
SID939731,1,1,False,False,,False
SID183852,1,1,False,True,1706786.0,False
SID142568,1,1,False,False,,False
SID568344,1,1,False,True,3093186.0,False
SID740099,1,1,False,True,426307.0,False
SID442172,1,1,False,False,,False
SID791037,1,2,False,True,1287817.0,False
SID156948,1,1,False,True,1362676.0,False
SID881719,1,1,False,True,58324.0,False
SID876853,1,1,False,True,2213020.0,False
SID870082,1,1,False,True,1020384.0,False
SID397837,1,1,False,True,2723869.0,False
SID107977,1,1,False,True,1814400.0,False
SID758737,1,1,False,True,325367.0,False
SID511658,1,1,False,True,533392.0,False
SID827120,1,1,False,True,993408.0,False
SID143971,1,1,False,True,2092507.0,False
SID143728,1,1,False,True,1024459.0,False
SID813746,1,1,False,True,847258.0,False
SID416322,1,1,False,True,763765.0,False
SID812237,1,1,False,True,383855.0,False
SID658949,1,1,False,False,,False
SID486699,1,1,False,True,1382400.0,False
SID963164,1,1,False,True,3070637.0,False
SID427872,1,1,False,True,1174327.0,False
SID278224,1,1,False,True,322970.0,False
SID965877,1,1,False,True,540576.0,False
SID383998,1,1,False,True,133731.0,False
SID549263,1,1,False,True,283020.0,False
SID591756,1,1,False,True,958001.0,False
SID870713,1,1,False,True,1094984.0,False
SID692357,1,1,False,True,85182.0,False
SID999203,1,1,False,True,1079528.0,False
SID799109,1,1,False,True,410290.0,False
SID713772,1,1,False,True,2637315.0,False
SID512169,1,1,False,True,2965183.0,False
SID558784,1,1,False,True,1348537.0,False
SID640232,1,1,False,True,760453.0,False
SID251620,1,1,False,True,987276.0,False
SID587523,1,1,False,True,1026066.0,False
SID310858,1,1,False,True,305280.0,False
SID267900,1,1,False,True,2036658.0,False
SID678790,1,1,False,False,,False
SID111742,1,1,False,True,1440480.0,False
SID356492,1,1,False,True,523190.0,False
SID129408,1,1,False,True,189892.0,False
SID633312,1,1,False,True,1206140.0,False
SID858474,1,1,False,True,348718.0,False
SID221956,1,1,False,True,700012.0,False
SID332491,1,1,False,True,1309352.0,False
SID359337,1,1,False,True,1860350.0,False
SID115565,1,1,False,True,1960438.0,False
SID113255,1,1,False,True,685431.0,False
SID693461,1,1,False,False,,False
SID763649,1,1,False,True,1018482.0,False
SID717694,1,1,False,True,252449.0,False
SID645459,1,1,False,True,1888017.0,False
SID707962,1,1,False,False,,False
SID808720,1,1,False,True,1180373.0,False
SID529936,1,1,False,False,,False
SID673890,1,1,False,True,1141769.0,False
SID301229,1,1,False,True,604800.0,False
SID430506,1,1,False,True,475518.0,False
SID602104,1,1,False,True,34256.0,False
SID862541,1,1,False,True,1906116.0,False
SID566415,1,1,False,True,998343.0,False
SID955210,1,1,False,True,1785050.0,False
SID524799,1,1,False,True,1319605.0,False
SID992760,1,1,False,True,467151.0,False
SID809117,1,1,False,True,1300161.0,False
SID421815,1,1,False,True,219525.0,False
SID852349,1,1,False,True,152520.0,False
SID425962,1,1,False,False,,False
SID153237,1,1,False,True,548177.0,False
SID761116,1,1,False,True,2306927.0,False
SID436575,1,1,False,False,,False
SID433434,1,1,False,True,1440982.0,False
SID751621,1,1,False,True,1140907.0,False
SID231593,1,1,False,True,69059.0,False
SID467496,1,1,False,False,,False
SID412511,2,1,False,True,1051967.0,False
SID200141,1,1,False,True,363245.0,False
SID420926,1,1,False,True,56011.0,False
SID617973,1,1,False,False,,False
SID173213,1,1,False,True,1017671.0,False
SID286947,1,1,False,False,,False
SID509376,1,1,False,True,1472313.0,False
SID378297,1,1,False,True,226830.0,False
SID881756,1,1,False,True,755998.0,False
SID706046,1,1,False,False,,False
SID356287,1,1,False,True,1762626.0,False
SID781442,1,1,False,True,74108.0,False
SID495296,1,1,False,False,,False
SID210463,1,1,False,False,,False
SID597869,1,1,False,True,2386088.0,False
SID949652,1,1,False,True,1078180.0,False
SID423398,1,1,False,True,230247.0,False
SID755852,1,1,False,True,248118.0,False
SID806061,1,1,False,False,,False
SID190343,1,1,False,True,2438580.0,False
SID208942,1,1,False,False,,False
SID566674,1,1,False,True,604800.0,False
SID248695,1,1,False,False,,False
SID425687,1,1,False,False,,False
SID999105,1,1,False,True,779040.0,False
SID762439,1,1,False,True,2238060.0,False
SID443595,1,1,False,True,1383150.0,False
SID545780,1,1,False,True,350125.0,False
SID354809,1,1,False,True,1346688.0,False
SID601743,1,1,False,True,2391495.0,False
SID511511,1,1,False,True,1395143.0,False
SID470901,1,1,False,True,344075.0,False
SID825012,1,1,False,False,,False
SID707470,1,1,False,True,261306.0,False
SID242006,1,1,False,True,773340.0,False
SID401002,1,1,False,True,1580913.0,False
SID587660,1,1,False,True,2159740.0,False
SID233730,1,1,False,False,,False
SID509189,1,1,False,False,,False
SID735225,1,1,False,True,1557324.0,False
SID107129,1,1,False,True,23546.0,False
SID509308,1,1,False,True,1798106.0,False
SID284265,1,1,False,False,,False
SID955983,1,1,False,False,,False
SID171223,2,1,False,True,6637.0,False
SID288308,1,1,False,True,1052716.0,False
SID923025,1,1,False,True,1499508.0,False
SID959063,1,1,False,True,2341450.0,False
SID935485,1,1,False,False,,False
SID755215,1,1,False,True,275956.0,False
SID993125,1,1,False,True,145979.0,False
SID271789,1,1,False,True,304535.0,False
SID551192,1,1,False,True,57099.0,False
SID151499,1,1,False,True,188029.0,False
SID249736,1,1,False,True,1740174.0,False
SID171588,1,1,False,True,130730.0,False
SID733345,1,1,False,True,2505600.0,False
SID542971,1,1,False,True,542605.0,False
SID158974,1,1,False,True,195935.0,False
SID738421,1,1,False,True,1947214.0,False
SID804618,1,1,False,True,1373467.0,False
SID255577,1,1,False,False,,False
SID866465,1,1,False,True,1319000.0,False
SID384643,1,1,False,True,606285.0,False
SID178860,1,1,False,True,845640.0,False
SID242146,1,1,False,False,,False
SID138841,1,1,False,False,,False
SID969042,1,2,False,True,38521.0,False
SID832962,1,1,False,True,1121044.0,False
SID485159,1,1,False,True,3000864.0,False
SID785319,1,1,False,True,955897.0,False
SID452424,1,1,False,True,1875080.0,False
SID271756,1,1,False,True,1418218.0,False
SID487507,1,1,False,True,3064234.0,False
SID222118,1,1,False,False,,False
SID644396,1,1,False,True,3133971.0,False
SID270846,1,1,False,True,429884.0,False
SID442396,1,1,False,True,1067367.0,False
SID531363,1,1,False,True,1488390.0,False
SID445061,1,1,False,True,359177.0,False
SID333311,1,2,False,True,39599.0,False
SID522169,1,1,False,True,976141.0,False
