user_id,username,department,role,status,hostname_count,device_count,iam_events,iam_failed_auth,iam_mfa_failures,iam_high_risk_events,iam_avg_risk_score,iam_max_risk_score,iam_hostname_count,iam_session_count,endpoint_alerts,endpoint_critical_alerts,endpoint_high_alerts,endpoint_unresolved_critical,endpoint_malware_alerts,endpoint_credential_alerts,endpoint_lateral_movement,endpoint_powershell,endpoint_tampering,endpoint_usb,endpoint_impossible_resolution,endpoint_hostname_count,termination_date,post_termination_iam_events,post_termination_endpoint_events,post_termination_activity,post_termination_activity_flag,authentication_risk,iam_risk,endpoint_severity_risk,threat_behavior_risk,contextual_risk,cross_signal_bonus,risk_score,risk_level,risk_band,risk_drivers
EMP11218,karan.goda65,Marketing,Administrator,Disabled,1,0,9.0,4.0,5,2.0,42.43,91.0,1.0,5.0,5.0,3.0,1.0,3.0,2.0,1.0,1.0,2.0,0.0,1.0,0.0,1.0,2023-07-18 22:30:35,9,5,14,True,11.5,4.0,17.0,29.0,15.0,10,86.5,Critical,Critical,"elevated authentication risk (4 failed auth, 5 MFA failures); 2 high-risk IAM events; 2 malware alerts; 1 credential-access alerts; 1 lateral-movement alerts; 2 PowerShell alerts; 3 critical endpoint alerts; 14 events after identity termination; 3 unresolved critical alerts"
EMP10296,osha.kapur39,IT,Director,Disabled,1,1,78.0,34.0,37,22.0,54.65,100.0,1.0,48.0,4.0,1.0,1.0,1.0,1.0,0.0,1.0,0.0,0.0,2.0,0.0,1.0,2024-08-19 18:56:50,70,3,73,True,20.0,20.0,7.0,14.0,12.0,10,83.0,Critical,Critical,"elevated authentication risk (34 failed auth, 37 MFA failures); 22 high-risk IAM events; 1 malware alerts; 1 lateral-movement alerts; 1 critical endpoint alerts; 73 events after identity termination; 1 unresolved critical alerts"
EMP11411,zaid.raval52,Brand,Officer,Active,1,1,73.0,24.0,34,14.0,47.36,99.0,1.0,37.0,5.0,1.0,1.0,0.0,2.0,2.0,1.0,0.0,0.0,0.0,0.0,1.0,,0,0,0,False,20.0,20.0,7.0,26.0,0.0,10,83.0,Critical,Critical,"elevated authentication risk (24 failed auth, 34 MFA failures); 14 high-risk IAM events; 2 malware alerts; 2 credential-access alerts; 1 lateral-movement alerts; 1 critical endpoint alerts"
EMP12579,balveer.nair93,IT,Executive,Active,1,1,63.0,23.0,22,16.0,46.4,98.0,1.0,33.0,5.0,1.0,1.0,0.0,2.0,1.0,1.0,0.0,0.0,1.0,0.0,1.0,,0,0,0,False,20.0,20.0,7.0,25.0,0.0,10,82.0,Critical,Critical,"elevated authentication risk (23 failed auth, 22 MFA failures); 16 high-risk IAM events; 2 malware alerts; 1 credential-access alerts; 1 lateral-movement alerts; 1 critical endpoint alerts"
EMP12851,kamala.raman22,Supply Chain,Officer,Active,1,1,50.0,15.0,18,9.0,42.84,90.0,1.0,30.0,9.0,0.0,1.0,0.0,2.0,3.0,2.0,1.0,0.0,2.0,0.0,1.0,,0,0,0,False,20.0,20.0,2.0,30.0,0.0,10,82.0,Critical,Critical,"elevated authentication risk (15 failed auth, 18 MFA failures); 9 high-risk IAM events; 2 malware alerts; 3 credential-access alerts; 2 lateral-movement alerts; 1 PowerShell alerts"
EMP12603,gautam.dass68,Finance,Trainee,Active,1,1,60.0,17.0,18,15.0,53.57,100.0,1.0,34.0,4.0,1.0,1.0,1.0,2.0,1.0,0.0,1.0,0.0,1.0,0.0,1.0,,0,0,0,False,20.0,20.0,7.0,22.0,2.0,10,81.0,Critical,Critical,"elevated authentication risk (17 failed auth, 18 MFA failures); 15 high-risk IAM events; 2 malware alerts; 1 credential-access alerts; 1 PowerShell alerts; 1 critical endpoint alerts; 1 unresolved critical alerts"
EMP10194,ayush.dua87,R&D,Analyst,Active,1,1,59.0,21.0,22,13.0,44.16,99.0,1.0,36.0,4.0,1.0,2.0,1.0,2.0,0.0,0.0,1.0,2.0,0.0,0.0,1.0,,0,0,0,False,20.0,20.0,9.0,20.0,2.0,8,79.0,Critical,Critical,"elevated authentication risk (21 failed auth, 22 MFA failures); 13 high-risk IAM events; 2 malware alerts; 1 PowerShell alerts; 2 security-tampering alerts; 1 critical endpoint alerts; 1 unresolved critical alerts"
EMP10912,mohammed.devan20,Operations,Consultant,Disabled,1,1,71.0,25.0,25,21.0,57.56,100.0,1.0,32.0,7.0,1.0,0.0,1.0,2.0,0.0,2.0,0.0,0.0,1.0,1.0,2.0,,0,0,0,False,20.0,20.0,5.0,21.0,2.0,10,78.0,Critical,Critical,"elevated authentication risk (25 failed auth, 25 MFA failures); 21 high-risk IAM events; 2 malware alerts; 2 lateral-movement alerts; 1 critical endpoint alerts; 1 unresolved critical alerts"
EMP11241,bhavani.shetty89,IT,Consultant,Disabled,1,0,62.0,15.0,20,15.0,54.36,100.0,1.0,31.0,4.0,1.0,1.0,1.0,1.0,0.0,0.0,2.0,0.0,0.0,0.0,1.0,2025-04-04 00:00:00,54,3,57,True,20.0,20.0,7.0,10.0,12.0,8,77.0,Critical,Critical,"elevated authentication risk (15 failed auth, 20 MFA failures); 15 high-risk IAM events; 1 malware alerts; 2 PowerShell alerts; 1 critical endpoint alerts; 57 events after identity termination; 1 unresolved critical alerts"
EMP12738,devika.bhargava75,Procurement,Executive,Active,1,1,65.0,20.0,28,20.0,50.48,100.0,1.0,38.0,4.0,1.0,1.0,1.0,1.0,0.0,1.0,0.0,1.0,2.0,0.0,1.0,,0,0,0,False,20.0,20.0,7.0,18.0,2.0,10,77.0,Critical,Critical,"elevated authentication risk (20 failed auth, 28 MFA failures); 20 high-risk IAM events; 1 malware alerts; 1 lateral-movement alerts; 1 security-tampering alerts; 1 critical endpoint alerts; 1 unresolved critical alerts"
EMP10014,ridhi.saini2,People,Officer,Active,1,1,76.0,23.0,19,17.0,49.86,99.0,1.0,44.0,4.0,0.0,1.0,0.0,2.0,0.0,1.0,0.0,1.0,1.0,0.0,1.0,,0,0,0,False,20.0,20.0,2.0,23.0,0.0,10,75.0,Critical,Critical,"elevated authentication risk (23 failed auth, 19 MFA failures); 17 high-risk IAM events; 2 malware alerts; 1 lateral-movement alerts; 1 security-tampering alerts"
EMP10251,aarini.memon10,IT,Director,Active,1,1,63.0,20.0,29,15.0,48.67,97.0,1.0,34.0,5.0,2.0,0.0,2.0,0.0,0.0,1.0,2.0,0.0,3.0,0.0,1.0,,0,0,0,False,20.0,20.0,10.0,12.0,4.0,8,74.0,High,High,"elevated authentication risk (20 failed auth, 29 MFA failures); 15 high-risk IAM events; 1 lateral-movement alerts; 2 PowerShell alerts; 2 critical endpoint alerts; 2 unresolved critical alerts"
EMP10800,naveen.bains15,Finance,Analyst,Active,1,0,9.0,6.0,4,5.0,76.43,100.0,1.0,4.0,6.0,1.0,3.0,1.0,1.0,1.0,1.0,1.0,0.0,2.0,0.0,1.0,,0,0,0,False,12.0,15.0,10.0,23.0,2.0,10,72.0,High,High,"elevated authentication risk (6 failed auth, 4 MFA failures); 5 high-risk IAM events; 1 malware alerts; 1 credential-access alerts; 1 lateral-movement alerts; 1 PowerShell alerts; 1 critical endpoint alerts; 1 unresolved critical alerts"
EMP10044,gopal.lala36,Human Resources,Administrator,Active,1,1,66.0,17.0,30,21.0,59.71,100.0,1.0,38.0,4.0,0.0,1.0,0.0,2.0,0.0,2.0,0.0,0.0,0.0,1.0,1.0,,0,0,0,False,20.0,20.0,2.0,20.0,0.0,10,72.0,High,High,"elevated authentication risk (17 failed auth, 30 MFA failures); 21 high-risk IAM events; 2 malware alerts; 2 lateral-movement alerts"
EMP12425,jeet.rajagopalan64,R&D,Officer,Active,1,1,67.0,26.0,25,12.0,45.31,100.0,1.0,34.0,2.0,1.0,1.0,1.0,1.0,1.0,0.0,0.0,0.0,0.0,0.0,1.0,,0,0,0,False,20.0,20.0,7.0,12.0,2.0,10,71.0,High,High,"elevated authentication risk (26 failed auth, 25 MFA failures); 12 high-risk IAM events; 1 malware alerts; 1 credential-access alerts; 1 critical endpoint alerts; 1 unresolved critical alerts"
EMP10781,,Innovation,Consultant,Active,1,1,57.0,21.0,22,15.0,51.81,98.0,1.0,34.0,3.0,0.0,0.0,0.0,2.0,1.0,0.0,1.0,0.0,0.0,0.0,1.0,,0,0,0,False,20.0,20.0,0.0,21.0,0.0,10,71.0,High,High,"elevated authentication risk (21 failed auth, 22 MFA failures); 15 high-risk IAM events; 2 malware alerts; 1 credential-access alerts; 1 PowerShell alerts"
EMP11117,yagnesh.bhardwaj90,Customer Support,Consultant,On Leave,1,0,63.0,25.0,28,14.0,51.11,99.0,1.0,38.0,4.0,0.0,0.0,0.0,2.0,0.0,1.0,1.0,0.0,0.0,0.0,1.0,,0,0,0,False,20.0,20.0,0.0,21.0,0.0,10,71.0,High,High,"elevated authentication risk (25 failed auth, 28 MFA failures); 14 high-risk IAM events; 2 malware alerts; 1 lateral-movement alerts; 1 PowerShell alerts"
EMP10029,victor.guha7,Procurement,Trainee,Active,1,1,8.0,3.0,2,4.0,55.75,98.0,1.0,3.0,7.0,2.0,1.0,2.0,2.0,1.0,2.0,1.0,1.0,1.0,0.0,2.0,,0,0,0,False,6.0,8.0,12.0,30.0,4.0,10,70.0,High,High,3 failed authentication events; 4 high-risk IAM events; 2 malware alerts; 1 credential-access alerts; 2 lateral-movement alerts; 1 PowerShell alerts; 1 security-tampering alerts; 2 critical endpoint alerts; 2 unresolved critical alerts
EMP10099,dev.kanda57,R&D,Manager,Disabled,1,0,8.0,2.0,2,2.0,38.67,94.0,1.0,5.0,6.0,2.0,1.0,2.0,2.0,1.0,1.0,0.0,0.0,1.0,0.0,2.0,2026-08-16 00:00:00,4,2,6,True,5.0,4.0,12.0,25.0,14.0,10,70.0,High,High,2 failed authentication events; 2 high-risk IAM events; 2 malware alerts; 1 credential-access alerts; 1 lateral-movement alerts; 2 critical endpoint alerts; 6 events after identity termination; 2 unresolved critical alerts
EMP11005,xalak.gill58,Customer Support,Analyst,Inactive,1,1,60.0,21.0,25,14.0,56.02,99.0,1.0,31.0,4.0,0.0,1.0,0.0,2.0,0.0,1.0,0.0,0.0,0.0,0.0,2.0,,0,0,0,False,20.0,20.0,2.0,18.0,0.0,10,70.0,High,High,"elevated authentication risk (21 failed auth, 25 MFA failures); 14 high-risk IAM events; 2 malware alerts; 1 lateral-movement alerts"
EMP11210,warda.bora45,Sales,Engineer,Active,1,1,7.0,3.0,6,2.0,42.71,88.0,1.0,4.0,7.0,2.0,2.0,1.0,4.0,0.0,1.0,3.0,1.0,1.0,0.0,2.0,,0,0,0,False,12.0,4.0,14.0,27.0,2.0,10,69.0,High,High,"elevated authentication risk (3 failed auth, 6 MFA failures); 2 high-risk IAM events; 4 malware alerts; 1 lateral-movement alerts; 3 PowerShell alerts; 1 security-tampering alerts; 2 critical endpoint alerts; 1 unresolved critical alerts"
EMP11758,naksh.madan88,Procurement,Trainee,Disabled,1,1,8.0,5.0,6,1.0,37.5,91.0,1.0,3.0,3.0,2.0,0.0,1.0,1.0,1.0,1.0,1.0,0.0,0.0,0.0,1.0,2022-03-04 04:09:50,6,2,8,True,14.0,2.0,10.0,21.0,12.0,10,69.0,High,High,"elevated authentication risk (5 failed auth, 6 MFA failures); 1 high-risk IAM events; 1 malware alerts; 1 credential-access alerts; 1 lateral-movement alerts; 1 PowerShell alerts; 2 critical endpoint alerts; 8 events after identity termination; 1 unresolved critical alerts"
EMP11367,unnati.sane95,Sales,Director,Inactive,1,1,8.0,3.0,7,2.0,49.33,98.0,1.0,5.0,4.0,1.0,0.0,0.0,1.0,2.0,1.0,1.0,1.0,0.0,0.0,1.0,2023-11-20 02:42:29,8,4,12,True,13.0,4.0,5.0,27.0,10.0,10,69.0,High,High,"elevated authentication risk (3 failed auth, 7 MFA failures); 2 high-risk IAM events; 1 malware alerts; 2 credential-access alerts; 1 lateral-movement alerts; 1 PowerShell alerts; 1 security-tampering alerts; 1 critical endpoint alerts; 12 events after identity termination"
EMP11374,vyanjana.ahuja87,Human Resources,Consultant,Inactive,1,1,8.0,4.0,2,1.0,49.0,92.0,1.0,5.0,8.0,1.0,2.0,1.0,3.0,1.0,1.0,0.0,1.0,1.0,0.0,1.0,2024-08-01 23:19:12,8,7,15,True,7.0,2.0,9.0,29.0,12.0,10,69.0,High,High,4 failed authentication events; 1 high-risk IAM events; 3 malware alerts; 1 credential-access alerts; 1 lateral-movement alerts; 1 security-tampering alerts; 1 critical endpoint alerts; 15 events after identity termination; 1 unresolved critical alerts
EMP11665,oni_goda48,Human Resources,Executive,Active,1,1,48.0,8.0,20,12.0,54.85,97.0,1.0,25.0,4.0,1.0,0.0,1.0,2.0,0.0,0.0,1.0,0.0,1.0,0.0,1.0,,0,0,0,False,18.0,20.0,5.0,16.0,2.0,8,69.0,High,High,"elevated authentication risk (8 failed auth, 20 MFA failures); 12 high-risk IAM events; 2 malware alerts; 1 PowerShell alerts; 1 critical endpoint alerts; 1 unresolved critical alerts"
EMP12678,aadhya.saraf43,Procurement,Director,Active,1,1,64.0,20.0,22,13.0,49.5,96.0,1.0,36.0,2.0,1.0,0.0,1.0,1.0,0.0,1.0,0.0,0.0,0.0,0.0,1.0,,0,0,0,False,20.0,20.0,5.0,12.0,2.0,10,69.0,High,High,"elevated authentication risk (20 failed auth, 22 MFA failures); 13 high-risk IAM events; 1 malware alerts; 1 lateral-movement alerts; 1 critical endpoint alerts; 1 unresolved critical alerts"
EMP10486,thomas.kaul29,Sales,Consultant,Active,1,1,8.0,3.0,5,3.0,54.88,99.0,1.0,3.0,7.0,1.0,3.0,1.0,2.0,2.0,1.0,1.0,3.0,1.0,0.0,1.0,,0,0,0,False,10.5,6.0,10.0,30.0,2.0,10,68.5,High,High,"elevated authentication risk (3 failed auth, 5 MFA failures); 3 high-risk IAM events; 2 malware alerts; 2 credential-access alerts; 1 lateral-movement alerts; 1 PowerShell alerts; 3 security-tampering alerts; 1 critical endpoint alerts; 1 unresolved critical alerts"
EMP12030,urishilla.dugar5,Customer Support,Consultant,Active,1,1,15.0,6.0,4,6.0,56.15,97.0,1.0,9.0,5.0,2.0,1.0,0.0,1.0,0.0,1.0,1.0,0.0,2.0,1.0,2.0,,0,0,0,False,12.0,17.0,12.0,17.0,0.0,10,68.0,High,High,"elevated authentication risk (6 failed auth, 4 MFA failures); 6 high-risk IAM events; 1 malware alerts; 1 lateral-movement alerts; 1 PowerShell alerts; 2 critical endpoint alerts"
EMP11550,,Marketing,Consultant,Active,1,1,11.0,2.0,6,4.0,62.14,88.0,1.0,5.0,8.0,1.0,2.0,1.0,4.0,1.0,0.0,2.0,2.0,1.0,0.0,1.0,,0,0,0,False,11.0,8.0,9.0,28.0,2.0,10,68.0,High,High,"elevated authentication risk (2 failed auth, 6 MFA failures); 4 high-risk IAM events; 4 malware alerts; 1 credential-access alerts; 2 PowerShell alerts; 2 security-tampering alerts; 1 critical endpoint alerts; 1 unresolved critical alerts"
EMP12762,nathaniel.jhaveri55,Marketing,Officer,Disabled,1,1,14.0,9.0,6,2.0,34.17,100.0,1.0,6.0,7.0,0.0,0.0,0.0,3.0,1.0,1.0,0.0,0.0,2.0,0.0,1.0,2024-04-22 08:28:23,9,4,13,True,18.0,4.0,0.0,26.0,10.0,10,68.0,High,High,"elevated authentication risk (9 failed auth, 6 MFA failures); 2 high-risk IAM events; 3 malware alerts; 1 credential-access alerts; 1 lateral-movement alerts; 13 events after identity termination"
EMP11114,anamika.iyengar53,Operations,Manager,Active,1,1,12.0,2.0,3,6.0,63.82,98.0,1.0,6.0,4.0,3.0,0.0,2.0,2.0,1.0,0.0,1.0,0.0,1.0,0.0,1.0,,0,0,0,False,6.5,12.0,15.0,22.0,4.0,8,67.5,High,High,2 failed authentication events; 6 high-risk IAM events; 2 malware alerts; 1 credential-access alerts; 1 PowerShell alerts; 3 critical endpoint alerts; 2 unresolved critical alerts
EMP11001,aarush.prashad25,Procurement,Executive,Inactive,1,1,78.0,19.0,23,18.0,50.45,98.0,1.0,54.0,2.0,0.0,1.0,0.0,1.0,0.0,0.0,0.0,0.0,1.0,0.0,1.0,2022-06-21 04:14:18,70,2,72,True,20.0,20.0,2.0,7.0,10.0,8,67.0,High,High,"elevated authentication risk (19 failed auth, 23 MFA failures); 18 high-risk IAM events; 1 malware alerts; 72 events after identity termination"
EMP12083,mohini.minhas94,Procurement,Manager,Active,1,1,67.0,26.0,27,14.0,43.08,100.0,1.0,37.0,2.0,0.0,0.0,0.0,2.0,0.0,0.0,1.0,1.0,0.0,0.0,1.0,,0,0,0,False,20.0,20.0,0.0,19.0,0.0,8,67.0,High,High,"elevated authentication risk (26 failed auth, 27 MFA failures); 14 high-risk IAM events; 2 malware alerts; 1 PowerShell alerts; 1 security-tampering alerts"
EMP12895,max.kant36,Finance,Trainee,Inactive,1,0,67.0,20.0,23,13.0,43.66,100.0,1.0,33.0,2.0,0.0,1.0,0.0,1.0,0.0,0.0,0.0,0.0,1.0,0.0,1.0,2025-07-22 13:04:12,60,1,61,True,20.0,20.0,2.0,7.0,10.0,8,67.0,High,High,"elevated authentication risk (20 failed auth, 23 MFA failures); 13 high-risk IAM events; 1 malware alerts; 61 events after identity termination"
EMP11039,vritti.khalsa6,Customer Support,Director,Active,1,1,10.0,5.0,5,1.0,38.0,88.0,1.0,2.0,4.0,2.0,1.0,1.0,2.0,1.0,1.0,0.0,1.0,0.0,0.0,1.0,,0,0,0,False,12.5,2.0,12.0,28.0,2.0,10,66.5,High,High,"elevated authentication risk (5 failed auth, 5 MFA failures); 1 high-risk IAM events; 2 malware alerts; 1 credential-access alerts; 1 lateral-movement alerts; 1 security-tampering alerts; 2 critical endpoint alerts; 1 unresolved critical alerts"
EMP10806,daniel.nadkarni96,Marketing,Specialist,Disabled,1,1,7.0,1.0,5,4.0,70.17,87.0,1.0,3.0,5.0,1.0,1.0,1.0,3.0,1.0,0.0,1.0,0.0,0.0,0.0,1.0,2026-06-19 13:58:39,6,4,10,True,8.5,8.0,7.0,21.0,12.0,10,66.5,High,High,"elevated authentication risk (1 failed auth, 5 MFA failures); 4 high-risk IAM events; 3 malware alerts; 1 credential-access alerts; 1 PowerShell alerts; 1 critical endpoint alerts; 10 events after identity termination; 1 unresolved critical alerts"
EMP12745,prisha.sarkar30,Customer Support,Officer,Disabled,0,0,8.0,5.0,5,1.0,41.17,95.0,1.0,3.0,6.0,0.0,4.0,0.0,3.0,1.0,1.0,1.0,0.0,0.0,1.0,1.0,2026-05-13 00:00:00,7,5,12,True,12.5,2.0,5.0,27.0,10.0,10,66.5,High,High,"elevated authentication risk (5 failed auth, 5 MFA failures); 1 high-risk IAM events; 3 malware alerts; 1 credential-access alerts; 1 lateral-movement alerts; 1 PowerShell alerts; 12 events after identity termination"
EMP11130,radhika.sampath31,IT,Consultant,Active,1,1,13.0,4.0,8,4.0,54.83,93.0,1.0,7.0,6.0,1.0,0.0,1.0,1.0,2.0,1.0,1.0,1.0,0.0,1.0,1.0,,0,0,0,False,14.0,8.0,5.0,27.0,2.0,10,66.0,High,High,"elevated authentication risk (4 failed auth, 8 MFA failures); 4 high-risk IAM events; 1 malware alerts; 2 credential-access alerts; 1 lateral-movement alerts; 1 PowerShell alerts; 1 security-tampering alerts; 1 critical endpoint alerts; 1 unresolved critical alerts"
EMP10291,upasna_krishnamurthy12,Finance,Director,Active,1,1,59.0,16.0,19,18.0,52.57,100.0,1.0,36.0,3.0,0.0,0.0,0.0,1.0,0.0,1.0,0.0,1.0,0.0,0.0,1.0,,0,0,0,False,20.0,20.0,0.0,16.0,0.0,10,66.0,High,High,"elevated authentication risk (16 failed auth, 19 MFA failures); 18 high-risk IAM events; 1 malware alerts; 1 lateral-movement alerts; 1 security-tampering alerts"
EMP10727,kabir.sampath9,Customer Support,Engineer,Active,1,0,61.0,24.0,29,14.0,46.94,98.0,1.0,40.0,2.0,0.0,2.0,0.0,1.0,0.0,1.0,0.0,0.0,0.0,0.0,2.0,,0,0,0,False,20.0,20.0,4.0,12.0,0.0,10,66.0,High,High,"elevated authentication risk (24 failed auth, 29 MFA failures); 14 high-risk IAM events; 1 malware alerts; 1 lateral-movement alerts"
EMP11817,brinda.iyer33,R&D,Director,Active,1,1,56.0,17.0,21,12.0,45.21,95.0,1.0,24.0,4.0,0.0,1.0,0.0,2.0,0.0,0.0,2.0,0.0,0.0,0.0,1.0,,0,0,0,False,20.0,20.0,2.0,16.0,0.0,8,66.0,High,High,"elevated authentication risk (17 failed auth, 21 MFA failures); 12 high-risk IAM events; 2 malware alerts; 2 PowerShell alerts"
EMP12446,aradhana.saha89,Human Resources,Consultant,Disabled,1,1,3.0,1.0,1,1.0,59.0,74.0,1.0,1.0,7.0,1.0,2.0,1.0,2.0,1.0,1.0,1.0,1.0,0.0,0.0,1.0,2026-02-08 00:00:00,3,6,9,True,2.5,2.0,9.0,30.0,12.0,10,65.5,High,High,1 failed authentication events; 1 high-risk IAM events; 2 malware alerts; 1 credential-access alerts; 1 lateral-movement alerts; 1 PowerShell alerts; 1 security-tampering alerts; 1 critical endpoint alerts; 9 events after identity termination; 1 unresolved critical alerts
EMP10746,oviya.acharya25,People,Executive,Active,1,0,70.0,24.0,31,13.0,46.37,100.0,1.0,37.0,4.0,1.0,1.0,0.0,1.0,0.0,0.0,1.0,0.0,1.0,0.0,2.0,,0,0,0,False,20.0,20.0,7.0,10.0,0.0,8,65.0,High,High,"elevated authentication risk (24 failed auth, 31 MFA failures); 13 high-risk IAM events; 1 malware alerts; 1 PowerShell alerts; 1 critical endpoint alerts"
EMP11600,gagan.mitter67,Procurement,Director,Active,1,1,68.0,19.0,25,16.0,49.06,97.0,1.0,36.0,2.0,1.0,1.0,1.0,0.0,0.0,0.0,1.0,1.0,1.0,0.0,1.0,,0,0,0,False,20.0,20.0,7.0,8.0,2.0,8,65.0,High,High,"elevated authentication risk (19 failed auth, 25 MFA failures); 16 high-risk IAM events; 1 PowerShell alerts; 1 security-tampering alerts; 1 critical endpoint alerts; 1 unresolved critical alerts"
EMP12567,sara.borah1,IT,Analyst,Active,0,1,66.0,24.0,22,14.0,48.55,100.0,1.0,32.0,3.0,0.0,0.0,0.0,1.0,0.0,1.0,1.0,0.0,0.0,0.0,1.0,,0,0,0,False,20.0,20.0,0.0,15.0,0.0,10,65.0,High,High,"elevated authentication risk (24 failed auth, 22 MFA failures); 14 high-risk IAM events; 1 malware alerts; 1 lateral-movement alerts; 1 PowerShell alerts"
EMP10394,kiaan.suri21,Human Resources,Officer,Inactive,1,1,4.0,2.0,1,1.0,42.0,75.0,1.0,3.0,9.0,2.0,3.0,2.0,4.0,2.0,2.0,1.0,0.0,1.0,1.0,2.0,,0,0,0,False,3.5,2.0,15.0,30.0,4.0,10,64.5,High,High,2 failed authentication events; 1 high-risk IAM events; 4 malware alerts; 2 credential-access alerts; 2 lateral-movement alerts; 1 PowerShell alerts; 2 critical endpoint alerts; 2 unresolved critical alerts
EMP11763,rachita.baria48,Customer Support,Administrator,Active,1,1,70.0,17.0,27,14.0,50.22,98.0,1.0,40.0,1.0,1.0,0.0,1.0,0.0,1.0,0.0,1.0,0.0,0.0,0.0,1.0,,0,0,0,False,20.0,20.0,5.0,9.0,2.0,8,64.0,High,High,"elevated authentication risk (17 failed auth, 27 MFA failures); 14 high-risk IAM events; 1 credential-access alerts; 1 PowerShell alerts; 1 critical endpoint alerts; 1 unresolved critical alerts"
EMP10408,akshay.sarraf2,Procurement,Specialist,Active,1,1,74.0,13.0,26,22.0,53.96,98.0,1.0,45.0,2.0,0.0,1.0,0.0,1.0,0.0,1.0,0.0,0.0,0.0,0.0,1.0,,0,0,0,False,20.0,20.0,2.0,12.0,0.0,10,64.0,High,High,"elevated authentication risk (13 failed auth, 26 MFA failures); 22 high-risk IAM events; 1 malware alerts; 1 lateral-movement alerts"
EMP11090,pahal.bajwa31,Legal,Trainee,On Leave,1,0,66.0,18.0,21,16.0,48.79,98.0,1.0,34.0,3.0,0.0,1.0,0.0,1.0,0.0,1.0,0.0,0.0,0.0,0.0,1.0,,0,0,0,False,20.0,20.0,2.0,12.0,0.0,10,64.0,High,High,"elevated authentication risk (18 failed auth, 21 MFA failures); 16 high-risk IAM events; 1 malware alerts; 1 lateral-movement alerts"
EMP10472,aryan.gour66,Brand,Officer,Active,1,1,82.0,24.0,30,21.0,47.91,98.0,1.0,55.0,3.0,0.0,1.0,0.0,2.0,0.0,0.0,0.0,0.0,1.0,0.0,1.0,,0,0,0,False,20.0,20.0,2.0,13.0,0.0,8,63.0,High,High,"elevated authentication risk (24 failed auth, 30 MFA failures); 21 high-risk IAM events; 2 malware alerts"
EMP10710,hamsini.bassi31,R&D,Executive,Active,1,1,5.0,5.0,4,3.0,71.0,88.0,1.0,2.0,6.0,0.0,1.0,0.0,2.0,1.0,1.0,0.0,1.0,1.0,0.0,1.0,,0,0,0,False,11.0,11.0,2.0,29.0,0.0,10,63.0,High,High,"elevated authentication risk (5 failed auth, 4 MFA failures); 3 high-risk IAM events; 2 malware alerts; 1 credential-access alerts; 1 lateral-movement alerts; 1 security-tampering alerts"
EMP10772,gagan_bhandari75,Operations,Consultant,Active,1,1,78.0,27.0,28,18.0,52.33,100.0,1.0,41.0,2.0,0.0,0.0,0.0,2.0,0.0,0.0,1.0,0.0,0.0,0.0,2.0,,0,0,0,False,20.0,20.0,0.0,15.0,0.0,8,63.0,High,High,"elevated authentication risk (27 failed auth, 28 MFA failures); 18 high-risk IAM events; 2 malware alerts; 1 PowerShell alerts"
EMP12391,pooja.iyengar59,Operations,Analyst,Active,1,0,7.0,3.0,4,3.0,62.14,100.0,1.0,3.0,4.0,1.0,1.0,1.0,2.0,1.0,1.0,0.0,1.0,0.0,0.0,1.0,,0,0,0,False,9.0,6.0,7.0,28.0,2.0,10,62.0,High,High,"elevated authentication risk (3 failed auth, 4 MFA failures); 3 high-risk IAM events; 2 malware alerts; 1 credential-access alerts; 1 lateral-movement alerts; 1 security-tampering alerts; 1 critical endpoint alerts; 1 unresolved critical alerts"
EMP10118,sneha.prakash29,Sales,Specialist,Active,1,1,9.0,5.0,4,4.0,64.88,94.0,1.0,4.0,5.0,0.0,1.0,0.0,1.0,1.0,1.0,2.0,1.0,0.0,1.0,1.0,,0,0,0,False,11.0,13.0,2.0,26.0,0.0,10,62.0,High,High,"elevated authentication risk (5 failed auth, 4 MFA failures); 4 high-risk IAM events; 1 malware alerts; 1 credential-access alerts; 1 lateral-movement alerts; 2 PowerShell alerts; 1 security-tampering alerts"
EMP10393,aarini.deep10,IT,Administrator,On Leave,1,1,66.0,21.0,26,14.0,55.12,98.0,1.0,38.0,2.0,0.0,2.0,0.0,0.0,0.0,1.0,1.0,0.0,1.0,0.0,1.0,,0,0,0,False,20.0,20.0,4.0,10.0,0.0,8,62.0,High,High,"elevated authentication risk (21 failed auth, 26 MFA failures); 14 high-risk IAM events; 1 lateral-movement alerts; 1 PowerShell alerts"
EMP10463,isha.padmanabhan86,Innovation,Consultant,Disabled,1,1,5.0,1.0,4,0.0,28.75,56.0,1.0,3.0,5.0,0.0,3.0,0.0,3.0,1.0,1.0,1.0,1.0,0.0,0.0,2.0,2025-06-17 03:55:28,4,4,8,True,7.0,0.0,5.0,30.0,10.0,10,62.0,High,High,1 failed authentication events; 3 malware alerts; 1 credential-access alerts; 1 lateral-movement alerts; 1 PowerShell alerts; 1 security-tampering alerts; 8 events after identity termination
EMP12546,reva.nayak73,IT,Analyst,Active,1,1,61.0,17.0,23,13.0,49.49,100.0,1.0,31.0,3.0,0.0,0.0,0.0,1.0,1.0,0.0,0.0,0.0,0.0,0.0,2.0,,0,0,0,False,20.0,20.0,0.0,12.0,0.0,10,62.0,High,High,"elevated authentication risk (17 failed auth, 23 MFA failures); 13 high-risk IAM events; 1 malware alerts; 1 credential-access alerts"
EMP12776,abeer.bhatt30,IT,Administrator,Active,1,1,57.0,18.0,19,13.0,51.97,94.0,1.0,35.0,2.0,0.0,0.0,0.0,1.0,1.0,0.0,0.0,0.0,0.0,0.0,1.0,,0,0,0,False,20.0,20.0,0.0,12.0,0.0,10,62.0,High,High,"elevated authentication risk (18 failed auth, 19 MFA failures); 13 high-risk IAM events; 1 malware alerts; 1 credential-access alerts"
EMP12781,,IT,Consultant,Inactive,1,1,11.0,5.0,6,3.0,57.14,79.0,1.0,7.0,4.0,0.0,1.0,0.0,2.0,0.0,0.0,2.0,0.0,1.0,1.0,1.0,2023-10-29 01:51:21,11,3,14,True,14.0,11.0,2.0,17.0,10.0,8,62.0,High,High,"elevated authentication risk (5 failed auth, 6 MFA failures); 3 high-risk IAM events; 2 malware alerts; 2 PowerShell alerts; 14 events after identity termination"
EMP10527,william.modi62,Legal,Consultant,Active,0,0,5.0,3.0,2,3.0,82.0,99.0,1.0,1.0,6.0,1.0,3.0,1.0,2.0,2.0,1.0,0.0,0.0,1.0,0.0,1.0,,0,0,0,False,6.0,6.0,10.0,27.0,2.0,10,61.0,High,High,3 failed authentication events; 3 high-risk IAM events; 2 malware alerts; 2 credential-access alerts; 1 lateral-movement alerts; 1 critical endpoint alerts; 1 unresolved critical alerts
EMP12111,chatresh.krish60,Sales,Consultant,Active,1,1,72.0,27.0,27,16.0,47.0,93.0,1.0,38.0,1.0,1.0,0.0,1.0,0.0,1.0,0.0,0.0,0.0,0.0,0.0,1.0,,0,0,0,False,20.0,20.0,5.0,6.0,2.0,8,61.0,High,High,"elevated authentication risk (27 failed auth, 27 MFA failures); 16 high-risk IAM events; 1 credential-access alerts; 1 critical endpoint alerts; 1 unresolved critical alerts"
EMP10052,anirudh.ramanathan31,Marketing,Engineer,Active,1,1,67.0,19.0,31,12.0,48.39,90.0,1.0,41.0,4.0,0.0,1.0,0.0,0.0,0.0,1.0,1.0,0.0,2.0,0.0,1.0,,0,0,0,False,20.0,20.0,2.0,11.0,0.0,8,61.0,High,High,"elevated authentication risk (19 failed auth, 31 MFA failures); 12 high-risk IAM events; 1 lateral-movement alerts; 1 PowerShell alerts"
EMP10644,janani.rajagopalan6,Customer Support,Director,Active,1,1,51.0,22.0,25,12.0,51.08,96.0,1.0,27.0,3.0,0.0,0.0,0.0,2.0,0.0,0.0,0.0,0.0,1.0,0.0,1.0,,0,0,0,False,20.0,20.0,0.0,13.0,0.0,8,61.0,High,High,"elevated authentication risk (22 failed auth, 25 MFA failures); 12 high-risk IAM events; 2 malware alerts"
EMP10667,nathaniel.dhaliwal53,IT,Officer,Active,1,1,9.0,5.0,6,0.0,34.33,61.0,1.0,4.0,5.0,1.0,2.0,0.0,2.0,0.0,1.0,2.0,2.0,0.0,0.0,2.0,,0,0,0,False,14.0,0.0,9.0,27.0,0.0,10,60.0,High,High,"elevated authentication risk (5 failed auth, 6 MFA failures); 2 malware alerts; 1 lateral-movement alerts; 2 PowerShell alerts; 2 security-tampering alerts; 1 critical endpoint alerts"
EMP11499,mekhala.oommen73,Operations,Administrator,Active,1,1,7.0,1.0,4,3.0,70.75,91.0,1.0,3.0,5.0,1.0,3.0,1.0,2.0,2.0,0.0,1.0,1.0,0.0,0.0,1.0,,0,0,0,False,7.0,6.0,10.0,27.0,2.0,8,60.0,High,High,1 failed authentication events; 3 high-risk IAM events; 2 malware alerts; 2 credential-access alerts; 1 PowerShell alerts; 1 security-tampering alerts; 1 critical endpoint alerts; 1 unresolved critical alerts
EMP11507,owen.badal65,Human Resources,Administrator,Inactive,1,0,8.0,3.0,4,1.0,36.6,85.0,1.0,3.0,5.0,1.0,1.0,1.0,1.0,1.0,0.0,2.0,1.0,0.0,0.0,1.0,2024-12-03 15:40:19,7,5,12,True,9.0,2.0,7.0,20.0,12.0,10,60.0,High,High,"elevated authentication risk (3 failed auth, 4 MFA failures); 1 high-risk IAM events; 1 malware alerts; 1 credential-access alerts; 2 PowerShell alerts; 1 security-tampering alerts; 1 critical endpoint alerts; 12 events after identity termination; 1 unresolved critical alerts"
EMP10152,finn.vig49,Customer Support,Engineer,Disabled,1,1,75.0,21.0,27,19.0,54.0,99.0,1.0,54.0,1.0,0.0,1.0,0.0,1.0,0.0,0.0,0.0,1.0,0.0,0.0,1.0,,0,0,0,False,20.0,20.0,2.0,10.0,0.0,8,60.0,High,High,"elevated authentication risk (21 failed auth, 27 MFA failures); 19 high-risk IAM events; 1 malware alerts; 1 security-tampering alerts"
EMP11298,harrison.varughese13,Procurement,Trainee,Active,1,1,70.0,15.0,27,21.0,51.0,97.0,1.0,49.0,3.0,0.0,0.0,0.0,3.0,0.0,0.0,0.0,0.0,0.0,0.0,1.0,,0,0,0,False,20.0,20.0,0.0,12.0,0.0,8,60.0,High,High,"elevated authentication risk (15 failed auth, 27 MFA failures); 21 high-risk IAM events; 3 malware alerts"
EMP11583,hemang.bansal35,Human Resources,Trainee,Active,1,1,66.0,26.0,35,13.0,44.38,97.0,1.0,35.0,3.0,0.0,0.0,0.0,2.0,0.0,0.0,0.0,0.0,0.0,1.0,1.0,,0,0,0,False,20.0,20.0,0.0,12.0,0.0,8,60.0,High,High,"elevated authentication risk (26 failed auth, 35 MFA failures); 13 high-risk IAM events; 2 malware alerts"
EMP10998,lopa.sarin4,Finance,Trainee,Active,1,1,7.0,2.0,1,2.0,55.0,90.0,1.0,5.0,5.0,2.0,0.0,1.0,1.0,2.0,2.0,2.0,1.0,0.0,1.0,1.0,,0,0,0,False,3.5,4.0,10.0,30.0,2.0,10,59.5,High,High,2 failed authentication events; 2 high-risk IAM events; 1 malware alerts; 2 credential-access alerts; 2 lateral-movement alerts; 2 PowerShell alerts; 1 security-tampering alerts; 2 critical endpoint alerts; 1 unresolved critical alerts
EMP11069,vihaan.oak52,Procurement,Manager,On Leave,1,0,6.0,4.0,3,2.0,56.25,89.0,1.0,3.0,6.0,1.0,1.0,1.0,2.0,0.0,1.0,2.0,3.0,1.0,1.0,2.0,,0,0,0,False,8.5,4.0,7.0,28.0,2.0,10,59.5,High,High,"elevated authentication risk (4 failed auth, 3 MFA failures); 2 high-risk IAM events; 2 malware alerts; 1 lateral-movement alerts; 2 PowerShell alerts; 3 security-tampering alerts; 1 critical endpoint alerts; 1 unresolved critical alerts"
EMP11815,yatin.sodhi3,Sales,Director,Active,1,1,7.0,1.0,4,1.0,38.25,83.0,1.0,4.0,8.0,2.0,3.0,1.0,2.0,0.0,1.0,3.0,1.0,3.0,0.0,1.0,,0,0,0,False,7.0,2.0,15.0,28.0,2.0,5,59.0,High,High,1 failed authentication events; 1 high-risk IAM events; 2 malware alerts; 1 lateral-movement alerts; 3 PowerShell alerts; 1 security-tampering alerts; 2 critical endpoint alerts; 1 unresolved critical alerts
EMP12418,warda.dua80,Marketing,Executive,Active,1,1,73.0,26.0,25,13.0,44.0,100.0,1.0,38.0,2.0,1.0,0.0,0.0,1.0,0.0,0.0,0.0,0.0,0.0,0.0,1.0,,0,0,0,False,20.0,20.0,5.0,6.0,0.0,8,59.0,High,High,"elevated authentication risk (26 failed auth, 25 MFA failures); 13 high-risk IAM events; 1 malware alerts; 1 critical endpoint alerts"
EMP11547,ryan.rau52,People,Consultant,Active,1,1,69.0,19.0,24,22.0,63.52,99.0,1.0,42.0,2.0,0.0,1.0,0.0,1.0,0.0,0.0,1.0,0.0,0.0,0.0,1.0,,0,0,0,False,20.0,20.0,2.0,9.0,0.0,8,59.0,High,High,"elevated authentication risk (19 failed auth, 24 MFA failures); 22 high-risk IAM events; 1 malware alerts; 1 PowerShell alerts"
EMP11025,darsh.patla51,Finance,Manager,Active,1,1,3.0,0.0,3,1.0,95.0,95.0,1.0,2.0,10.0,1.0,4.0,1.0,1.0,1.0,2.0,1.0,2.0,2.0,0.0,1.0,,0,0,0,False,4.5,2.0,10.0,30.0,2.0,10,58.5,High,High,1 high-risk IAM events; 1 malware alerts; 1 credential-access alerts; 2 lateral-movement alerts; 1 PowerShell alerts; 2 security-tampering alerts; 1 critical endpoint alerts; 1 unresolved critical alerts
EMP11234,gaurika.chopra35,Brand,Trainee,Active,1,1,6.0,4.0,5,0.0,34.67,53.0,1.0,2.0,6.0,1.0,0.0,1.0,2.0,1.0,1.0,0.0,1.0,2.0,1.0,2.0,,0,0,0,False,11.5,0.0,5.0,30.0,2.0,10,58.5,High,High,"elevated authentication risk (4 failed auth, 5 MFA failures); 2 malware alerts; 1 credential-access alerts; 1 lateral-movement alerts; 1 security-tampering alerts; 1 critical endpoint alerts; 1 unresolved critical alerts"
EMP11301,kabir.tandon59,Brand,Analyst,Disabled,1,0,4.0,3.0,3,3.0,83.33,90.0,1.0,2.0,3.0,0.0,1.0,0.0,2.0,1.0,0.0,1.0,1.0,0.0,0.0,1.0,2026-07-07 01:13:27,4,3,7,True,7.5,6.0,2.0,25.0,10.0,8,58.5,High,High,3 failed authentication events; 3 high-risk IAM events; 2 malware alerts; 1 credential-access alerts; 1 PowerShell alerts; 1 security-tampering alerts; 7 events after identity termination
EMP10040,kevin.tara47,IT,Consultant,Active,1,1,8.0,4.0,4,3.0,47.38,98.0,1.0,3.0,5.0,0.0,2.0,0.0,2.0,0.0,2.0,1.0,2.0,0.0,0.0,1.0,,0,0,0,False,10.0,6.0,4.0,28.0,0.0,10,58.0,High,High,"elevated authentication risk (4 failed auth, 4 MFA failures); 3 high-risk IAM events; 2 malware alerts; 2 lateral-movement alerts; 1 PowerShell alerts; 2 security-tampering alerts"
EMP11290,ati.patla67,Innovation,Analyst,Disabled,0,1,4.0,4.0,3,1.0,50.5,73.0,1.0,0.0,4.0,1.0,1.0,1.0,3.0,1.0,0.0,0.0,0.0,0.0,0.0,1.0,2025-09-25 18:12:39,3,4,7,True,8.5,2.0,7.0,18.0,12.0,10,57.5,High,High,"elevated authentication risk (4 failed auth, 3 MFA failures); 1 high-risk IAM events; 3 malware alerts; 1 credential-access alerts; 1 critical endpoint alerts; 7 events after identity termination; 1 unresolved critical alerts"
EMP11427,niharika.murty3,Operations,Consultant,Active,1,1,9.0,4.0,3,1.0,46.75,87.0,1.0,6.0,6.0,1.0,0.0,1.0,2.0,0.0,2.0,2.0,1.0,2.0,0.0,2.0,,0,0,0,False,8.5,2.0,5.0,30.0,2.0,10,57.5,High,High,"elevated authentication risk (4 failed auth, 3 MFA failures); 1 high-risk IAM events; 2 malware alerts; 2 lateral-movement alerts; 2 PowerShell alerts; 1 security-tampering alerts; 1 critical endpoint alerts; 1 unresolved critical alerts"
EMP12140,neelima.koshy46,Human Resources,Trainee,Active,1,1,10.0,2.0,5,4.0,62.0,96.0,1.0,6.0,4.0,1.0,0.0,0.0,1.0,1.0,1.0,1.0,1.0,0.0,0.0,1.0,,0,0,0,False,9.5,8.0,5.0,25.0,0.0,10,57.5,High,High,"elevated authentication risk (2 failed auth, 5 MFA failures); 4 high-risk IAM events; 1 malware alerts; 1 credential-access alerts; 1 lateral-movement alerts; 1 PowerShell alerts; 1 security-tampering alerts; 1 critical endpoint alerts"
EMP12219,dalaja.lata76,Compliance,Executive,Active,1,1,8.0,4.0,5,3.0,49.14,95.0,1.0,4.0,5.0,1.0,0.0,1.0,2.0,0.0,2.0,1.0,0.0,0.0,0.0,1.0,,0,0,0,False,11.5,6.0,5.0,23.0,2.0,10,57.5,High,High,"elevated authentication risk (4 failed auth, 5 MFA failures); 3 high-risk IAM events; 2 malware alerts; 2 lateral-movement alerts; 1 PowerShell alerts; 1 critical endpoint alerts; 1 unresolved critical alerts"
EMP10041,,Procurement,Executive,Inactive,1,1,8.0,1.0,3,3.0,65.43,93.0,1.0,5.0,7.0,0.0,2.0,0.0,2.0,1.0,0.0,2.0,0.0,2.0,0.0,2.0,2023-01-14 01:44:55,7,6,13,True,5.5,6.0,4.0,24.0,10.0,8,57.5,High,High,1 failed authentication events; 3 high-risk IAM events; 2 malware alerts; 1 credential-access alerts; 2 PowerShell alerts; 13 events after identity termination
EMP10754,ekalinga.keer78,Finance,Specialist,Disabled,1,1,7.0,3.0,3,2.0,47.6,86.0,1.0,2.0,4.0,0.0,1.0,0.0,2.0,1.0,1.0,0.0,0.0,0.0,1.0,2.0,2025-03-04 17:53:36,6,4,10,True,7.5,4.0,2.0,24.0,10.0,10,57.5,High,High,3 failed authentication events; 2 high-risk IAM events; 2 malware alerts; 1 credential-access alerts; 1 lateral-movement alerts; 10 events after identity termination
EMP10575,mahika_choudhary53,Customer Support,Director,Active,1,1,5.0,3.0,4,3.0,75.4,98.0,1.0,0.0,4.0,2.0,1.0,2.0,0.0,1.0,1.0,0.0,1.0,2.0,0.0,1.0,,0,0,0,False,9.0,6.0,12.0,18.0,4.0,8,57.0,High,High,"elevated authentication risk (3 failed auth, 4 MFA failures); 3 high-risk IAM events; 1 credential-access alerts; 1 lateral-movement alerts; 1 security-tampering alerts; 2 critical endpoint alerts; 2 unresolved critical alerts"
EMP11558,neelima.divan52,Brand,Specialist,Active,1,1,9.0,3.0,4,1.0,48.8,97.0,1.0,4.0,8.0,1.0,3.0,1.0,2.0,0.0,1.0,3.0,0.0,2.0,0.0,2.0,,0,0,0,False,9.0,2.0,10.0,24.0,2.0,10,57.0,High,High,"elevated authentication risk (3 failed auth, 4 MFA failures); 1 high-risk IAM events; 2 malware alerts; 1 lateral-movement alerts; 3 PowerShell alerts; 1 critical endpoint alerts; 1 unresolved critical alerts"
EMP10203,samaksh.subramanian60,Customer Support,Consultant,Active,1,0,62.0,20.0,21,20.0,53.94,94.0,1.0,43.0,2.0,0.0,1.0,0.0,0.0,0.0,0.0,1.0,1.0,0.0,0.0,1.0,,0,0,0,False,20.0,20.0,2.0,7.0,0.0,8,57.0,High,High,"elevated authentication risk (20 failed auth, 21 MFA failures); 20 high-risk IAM events; 1 PowerShell alerts; 1 security-tampering alerts"
EMP10485,hardik.kuruvilla24,Customer Support,Manager,Active,1,1,8.0,3.0,4,3.0,50.0,76.0,1.0,5.0,8.0,0.0,1.0,0.0,3.0,1.0,2.0,1.0,0.0,1.0,0.0,1.0,,0,0,0,False,9.0,6.0,2.0,30.0,0.0,10,57.0,High,High,"elevated authentication risk (3 failed auth, 4 MFA failures); 3 high-risk IAM events; 3 malware alerts; 1 credential-access alerts; 2 lateral-movement alerts; 1 PowerShell alerts"
EMP10900,lohit.reddy93,Procurement,Trainee,Active,1,1,61.0,22.0,27,14.0,50.24,100.0,1.0,33.0,2.0,0.0,0.0,0.0,1.0,0.0,0.0,1.0,0.0,0.0,0.0,1.0,,0,0,0,False,20.0,20.0,0.0,9.0,0.0,8,57.0,High,High,"elevated authentication risk (22 failed auth, 27 MFA failures); 14 high-risk IAM events; 1 malware alerts; 1 PowerShell alerts"
EMP11739,edhitha.bala97,Customer Support,Executive,Inactive,1,1,9.0,1.0,4,5.0,64.43,97.0,1.0,4.0,5.0,0.0,0.0,0.0,2.0,1.0,0.0,1.0,0.0,1.0,0.0,2.0,2026-01-16 00:00:00,7,4,11,True,7.0,10.0,0.0,22.0,10.0,8,57.0,High,High,1 failed authentication events; 5 high-risk IAM events; 2 malware alerts; 1 credential-access alerts; 1 PowerShell alerts; 11 events after identity termination
EMP10112,frederick.behl88,Finance,Executive,Inactive,1,1,7.0,0.0,1,2.0,37.14,95.0,1.0,4.0,6.0,1.0,0.0,1.0,1.0,1.0,1.0,2.0,0.0,3.0,0.0,1.0,2026-04-30 22:08:37,6,5,11,True,1.5,4.0,5.0,24.0,12.0,10,56.5,High,High,2 high-risk IAM events; 1 malware alerts; 1 credential-access alerts; 1 lateral-movement alerts; 2 PowerShell alerts; 1 critical endpoint alerts; 11 events after identity termination; 1 unresolved critical alerts
EMP11483,mekhala.choudhary37,R&D,Executive,Active,1,1,6.0,2.0,1,2.0,51.0,95.0,1.0,0.0,5.0,1.0,1.0,1.0,2.0,1.0,1.0,2.0,3.0,0.0,0.0,1.0,,0,0,0,False,3.5,4.0,7.0,30.0,2.0,10,56.5,High,High,2 failed authentication events; 2 high-risk IAM events; 2 malware alerts; 1 credential-access alerts; 1 lateral-movement alerts; 2 PowerShell alerts; 3 security-tampering alerts; 1 critical endpoint alerts; 1 unresolved critical alerts
EMP12393,fitan.vohra30,Procurement,Officer,Active,1,1,8.0,2.0,3,4.0,63.5,95.0,1.0,3.0,6.0,1.0,0.0,0.0,2.0,2.0,0.0,2.0,2.0,0.0,0.0,2.0,,0,0,0,False,6.5,8.0,5.0,29.0,0.0,8,56.5,High,High,2 failed authentication events; 4 high-risk IAM events; 2 malware alerts; 2 credential-access alerts; 2 PowerShell alerts; 2 security-tampering alerts; 1 critical endpoint alerts
EMP12651,aishani.pillai56,Human Resources,Specialist,Disabled,1,1,7.0,3.0,3,1.0,42.4,75.0,1.0,4.0,5.0,1.0,2.0,0.0,2.0,1.0,0.0,2.0,0.0,1.0,0.0,2.0,2025-04-02 07:06:35,6,4,10,True,7.5,2.0,9.0,23.0,10.0,5,56.5,High,High,3 failed authentication events; 1 high-risk IAM events; 2 malware alerts; 1 credential-access alerts; 2 PowerShell alerts; 1 critical endpoint alerts; 10 events after identity termination
EMP10522,widisha.seshadri22,Sales,Director,Disabled,1,0,7.0,4.0,5,1.0,40.5,83.0,1.0,2.0,5.0,0.0,1.0,0.0,2.0,2.0,0.0,0.0,0.0,1.0,0.0,1.0,2025-11-22 00:00:00,5,4,9,True,11.5,2.0,2.0,21.0,10.0,10,56.5,High,High,"elevated authentication risk (4 failed auth, 5 MFA failures); 1 high-risk IAM events; 2 malware alerts; 2 credential-access alerts; 9 events after identity termination"
EMP11376,matthew.dalal24,R&D,Administrator,Inactive,1,0,9.0,3.0,5,2.0,51.43,93.0,1.0,2.0,7.0,0.0,3.0,0.0,3.0,1.0,1.0,1.0,0.0,0.0,0.0,2.0,,0,0,0,False,10.5,4.0,5.0,27.0,0.0,10,56.5,High,High,"elevated authentication risk (3 failed auth, 5 MFA failures); 2 high-risk IAM events; 3 malware alerts; 1 credential-access alerts; 1 lateral-movement alerts; 1 PowerShell alerts"
EMP11862,,Customer Support,Officer,Inactive,1,1,7.0,1.0,1,1.0,41.67,77.0,1.0,3.0,7.0,0.0,2.0,0.0,3.0,1.0,1.0,2.0,0.0,0.0,0.0,1.0,2024-09-15 02:32:42,7,5,12,True,2.5,2.0,4.0,28.0,10.0,10,56.5,High,High,1 failed authentication events; 1 high-risk IAM events; 3 malware alerts; 1 credential-access alerts; 1 lateral-movement alerts; 2 PowerShell alerts; 12 events after identity termination
EMP11171,shravya.khalsa89,Sales,Manager,Active,1,0,4.0,3.0,4,1.0,53.67,88.0,1.0,0.0,4.0,3.0,0.0,0.0,1.0,1.0,0.0,2.0,1.0,0.0,0.0,2.0,,0,0,0,False,9.0,2.0,15.0,20.0,0.0,10,56.0,High,High,"elevated authentication risk (3 failed auth, 4 MFA failures); 1 high-risk IAM events; 1 malware alerts; 1 credential-access alerts; 2 PowerShell alerts; 1 security-tampering alerts; 3 critical endpoint alerts"
EMP11699,vansha.mani80,Operations,Manager,Active,1,1,8.0,3.0,4,1.0,43.33,100.0,1.0,5.0,4.0,1.0,2.0,0.0,2.0,1.0,0.0,1.0,2.0,0.0,0.0,1.0,,0,0,0,False,9.0,2.0,9.0,26.0,0.0,10,56.0,High,High,"elevated authentication risk (3 failed auth, 4 MFA failures); 1 high-risk IAM events; 2 malware alerts; 1 credential-access alerts; 1 PowerShell alerts; 2 security-tampering alerts; 1 critical endpoint alerts"
EMP12683,meghana.grewal81,Legal,Administrator,Active,1,1,7.0,3.0,4,1.0,51.17,97.0,1.0,3.0,7.0,1.0,1.0,0.0,3.0,0.0,1.0,2.0,1.0,2.0,0.0,2.0,,0,0,0,False,9.0,2.0,7.0,28.0,0.0,10,56.0,High,High,"elevated authentication risk (3 failed auth, 4 MFA failures); 1 high-risk IAM events; 3 malware alerts; 1 lateral-movement alerts; 2 PowerShell alerts; 1 security-tampering alerts; 1 critical endpoint alerts"
